Customer.Name,total_sales,total_profit,order_count
Kristen Hastings,12421.5,1721.6355,41
Bill Eplett,18834.0,5156.4975,41
Jonathan Howell,14142.0,1081.90425,41
Joseph Holt,20035.5,-1892.72835,40
Dave Kipp,18280.5,3689.97345,40
Philip Fox,11524.5,756.2994000000001,40
Matthew Clasen,15069.0,1551.9211500000001,40
Harry Marie,15468.0,1938.33765,39
Anna Andreadi,12303.0,2763.82485,39
Bart Watters,16818.0,2726.60715,39
Mike Pelletier,20797.5,749.87655,39
Keith Dawkins,14556.0,2252.0949,39
Jim Mitchum,9225.0,417.47235000000006,38
Michael Paige,11332.5,1259.7621,38
Nathan Mautz,11605.5,2231.83005,38
William Brown,10521.0,2031.1266,38
Anthony Rawles,10561.5,2307.0648,38
Henry Goldwyn,17122.5,-3698.8084499999995,38
Steven Ward,11368.5,416.45685000000003,37
John Grady,10738.5,657.4070999999999,37
Patrick O'Donnell,17694.0,4000.8115500000004,37
Rick Bensley,18760.5,2301.37125,37
Alice McCarthy,14740.5,939.8430000000001,37
Valerie Mitchum,7536.0,225.7323,37
Matt Collins,11997.0,225.37914000000018,37
Denise Leinenbach,12130.5,1627.6143,37
Heather Jas,13435.5,1662.9655500000001,36
Resi Pölking,11239.5,-857.9026500000001,36
Parhena Norris,9477.0,1207.40295,36
Thomas Seio,6064.5,1094.5623,36
Jennifer Braxton,12354.0,1869.6258,36
Sam Zeldin,14896.5,3347.62995,36
Sam Craven,6871.5,1164.4098,36
Dan Lawera,8011.5,-958.8018000000001,36
Henry MacAllister,10003.5,-133.84665,36
Sanjit Engle,15054.0,1490.6613,36
Trudy Glocke,16326.0,2219.18295,35
Pamela Stobb,21475.5,4161.4890000000005,35
Julie Prescott,9634.5,2054.0937,35
Pauline Webber,7876.5,858.02715,35
Kelly Andreada,8058.0,1649.45325,35
Jane Waco,13948.5,2660.6211,35
Adam Bellavance,13423.5,4109.6685,35
Steven Roelle,17400.0,3269.1243,35
Sarah Brown,12222.0,1449.14301,35
Ben Ferrer,9691.5,2261.0133,35
Eric Murdock,21472.5,1983.09663,35
Joe Kamberova,19078.5,2349.38955,35
Justin Hirsh,18931.5,3323.1758999999997,35
Kean Takahito,12498.0,1044.5073,35
Shahid Collister,10581.0,846.16323,35
Damala Kotsonis,14080.5,1061.41395,35
Michael Chen,17067.0,1166.75385,34
Olvera Toch,9415.5,1904.41359,34
Carl Ludwig,20311.5,-1763.9381100000003,34
Patrick Gardner,8206.5,1314.7518,34
Steve Chapman,23281.5,4729.6887,34
Dianna Wilson,6615.0,1676.59089,34
Bryan Mills,11928.0,2338.1414999999997,34
Marc Crier,15285.0,1960.09371,34
Clytie Kelty,9351.0,479.6647200000001,34
Theone Pippenger,18442.5,3168.82815,34
Rob Dowd,8796.0,1840.9386,34
Patrick O'Brill,7552.5,747.2736,34
Cari MacIntyre,7362.0,839.8782,34
Alejandro Ballentine,13792.5,979.3023000000001,34
Adrian Barton,23653.5,9256.6707,33
Monica Federle,8335.5,1054.2945,33
Joe Elijah,11460.0,2003.30775,33
Khloe Miller,14856.0,1011.5328000000001,33
Maxwell Schwartz,10750.5,344.17941,33
Natalie Fritzler,20139.0,2208.0672,33
Barry Blumstein,10485.0,438.26835000000005,33
Tamara Chand,7548.0,830.3651999999998,33
Tracy Blumstein,17626.5,-4579.886700000001,33
Joy Smith,18963.0,603.63012,33
Katherine Nockton,20619.0,3187.6814999999997,33
Richard Bierner,4350.0,186.34695000000002,33
Brian Moss,8811.0,2728.32615,33
Gary Zandusky,8767.5,-76.04295000000002,33
Michael Moore,13168.5,-613.4262000000003,33
Mark Cousins,10705.5,2041.1335499999998,33
Chloris Kastensmidt,10359.0,516.4725000000001,33
Laura Armstrong,16245.0,1735.4934,33
Katrina Edelman,10561.5,1279.31805,33
Dennis Pardue,6988.5,364.5247500000001,32
Emily Phan,14613.0,3317.68221,32
Noel Staavos,11172.0,173.36594999999977,32
Phillip Flathmann,8383.5,2326.0257,32
Steve Carroll,8442.0,401.7768,32
Becky Martin,8160.0,93.49995000000001,32
Art Ferguson,9970.5,141.16650000000004,32
Steven Cartwright,8001.0,908.3433,32
Roy Phan,9154.5,-95.50710000000004,32
Darren Koutras,12342.0,1459.9797,32
Greg Hansen,13204.5,1833.38475,32
Shui Tom,13315.5,1859.5218,32
Darrin Martin,13072.5,366.40215,32
Justin MacKendrick,5482.5,1261.1301,32
Don Jones,15172.5,2243.9598,32
Roger Demir,4015.5,822.1281,32
Noah Childs,17037.0,1926.7123500000002,32
Ross Baird,7738.5,1005.7969499999999,32
Paul Stevenson,10740.0,1775.0184000000002,32
Erica Smith,5176.5,520.94865,32
Ashley Jarboe,17842.5,1837.7898000000002,32
Sarah Foster,16489.5,2489.1129,32
Hunter Glantz,15201.0,112.26359999999997,32
Aaron Bergman,10990.5,2343.84765,32
Lela Donovan,6846.0,905.53572,32
Maribeth Schnelling,9291.0,2192.1086999999998,32
Juliana Krohn,20644.5,3269.0375999999997,32
Mike Vittorini,22149.0,2153.7021,32
Joy Bell-,19086.0,3734.0784000000003,32
Paul Gonzalez,7557.0,294.1555500000001,32
Xylona Preis,19077.0,1661.15595,31
Sonia Cooley,8407.5,982.299,31
Stefania Perrino,9576.0,-1124.5227,31
Laurel Beltran,25705.5,5926.240650000001,31
Helen Wasserman,12940.5,2352.063,31
Jeremy Farry,10366.5,-313.60260000000005,31
Karl Braun,8421.0,-600.8727,31
Saphhira Shifley,17796.0,-3404.1738000000005,31
Harry Greene,5802.0,803.625,31
Emily Ducich,12787.5,2493.8953500000002,31
Daniel Byrd,11754.0,990.0708000000002,31
Filia McAdams,11758.5,-378.75884999999994,31
Lori Olson,8676.0,1226.3151,31
Alan Hwang,18046.5,3376.0810199999996,31
Dorothy Wardle,5731.5,-1061.7786,31
Logan Haushalter,7812.0,-234.74310000000003,31
Victoria Wilson,16521.0,3813.4396500000003,31
Eugene Hildebrand,13596.0,1578.9633,31
Ed Ludwig,11097.0,664.2771,31
Tracy Collins,9253.5,2056.6935,31
Barry Gonzalez,15813.0,593.48355,31
Maria Etezadi,9843.0,896.7280499999999,31
Shahid Shariari,15711.0,-151.06517999999997,31
Frank Merwin,6895.5,804.6750000000001,31
Toby Swindell,7764.0,983.4731400000001,31
Philip Brown,5806.5,223.38180000000006,31
Bruce Degenhardt,11383.5,2585.55168,31
Harold Engle,4216.5,-423.19665000000003,31
Becky Castell,5845.5,1059.8742,30
Mark Hamilton,8469.0,1539.97668,30
Mark Packer,5848.5,69.1896,30
Erica Hernandez,10122.0,1523.8947,30
Dean percer,8610.0,1639.26135,30
Thomas Boland,6735.0,1286.0064,30
Erin Smith,11845.5,706.77495,30
Theresa Swint,5868.0,232.5861,30
Greg Tran,27676.5,927.8022299999999,30
Ross DeVincentis,6745.5,1275.9772799999998,30
Adam Shillingsburg,8341.5,181.53678000000002,30
Gary Hansen,10155.0,223.1479200000001,30
Cindy Schnelling,8814.0,281.40510000000006,30
Michael Grace,11340.0,1893.0699,30
Christine Phan,8527.5,826.7819999999999,30
Randy Bradley,11814.0,2970.72405,30
Sue Ann Reed,8658.0,-773.8887600000004,30
Chuck Clark,10119.0,2588.2907999999998,30
Adam Hart,11371.5,399.2175,30
Roy Französisch,5802.0,552.1138499999998,30
Jim Karlsson,11685.0,3018.07815,30
Janet Molinari,10780.5,1704.34275,30
Patrick Ryan,10312.5,656.52675,30
Lauren Leatherbury,6867.0,610.4325299999999,30
Benjamin Farhat,10248.0,-1478.68725,30
Ted Trevino,6889.5,167.70329999999998,30
Lena Creighton,10662.0,-2429.7012,30
Tony Chapman,6591.0,1003.54155,30
Maureen Gastineau,19056.0,2185.7805,30
Katharine Harms,15919.5,2633.5587,30
Christopher Conant,16269.0,2799.84975,30
Dennis Bolton,7347.0,1311.309,30
Bart Pistole,5293.5,28.197899999999997,30
Nathan Gelder,15358.5,3025.5882,30
Nora Preis,12903.0,1919.3049,30
Sample Company A,12589.5,545.25,30
Bradley Talbott,15178.5,1167.3207,30
Edward Hooks,15094.5,1172.7297,30
Zuschuss Carroll,13759.5,-111.43755000000034,30
Mark Haberlin,4213.5,748.6905,30
Shahid Hopkins,7747.5,952.17105,30
Ivan Gibson,7834.5,1448.07852,30
Ted Butterfield,8230.5,81.33029999999998,30
Corey Roper,12439.5,29.67792000000003,30
Alan Schoenberger,10024.5,775.6387500000001,30
Michael Granlund,14220.0,88.1016000000001,30
Stewart Carmichael,7833.0,822.2028,30
Maureen Gnade,7309.5,-817.0869,30
Tracy Poddar,5385.0,793.1532,30
James Galang,6921.0,1468.2395999999999,30
Brad Norvell,15678.0,-222.49934999999982,29
Corey Catlett,5359.5,377.5218,29
Neoma Murray,6871.5,1887.945,29
Arthur Prichep,7780.5,1465.3714499999999,29
Todd Sumrall,14713.5,1855.0974,29
Jonathan Doherty,11082.0,895.0128000000001,29
Jason Klamczynski,5683.5,1059.70014,29
Vicky Freymann,15679.5,-752.2008,29
Art Foster,11158.5,505.0265999999999,29
Kelly Williams,7543.5,1802.7974999999997,29
Denny Joy,22536.0,4459.2863099999995,29
Brosina Hoffman,21309.0,3641.72067,29
Eugene Moren,8700.0,1294.68984,29
Daniel Raglin,19903.5,3472.6431000000002,29
Brenda Bowman,6049.5,651.03225,29
Peter Fuller,19857.0,1826.3779499999998,29
Michael Kennedy,10566.0,1207.52475,29
Meg O'Connel,18036.0,5401.1376,29
Toby Gnade,7620.0,2082.7719,29
Beth Paige,9589.5,126.97587000000009,29
Giulietta Dortch,16750.5,2256.4316999999996,29
Sara Luxemburg,8632.5,1043.4165,29
Valerie Takahito,7696.5,619.1651999999999,29
Justin Deggeller,16683.0,2218.75617,29
Aaron Hawkins,16483.5,3238.12392,29
Hilary Holden,6274.5,830.9680799999999,29
Craig Yedwab,5892.0,1436.8968,29
Harold Dahlen,11544.0,1820.37,29
Tony Molinari,9928.5,1968.1452,29
Deirdre Greer,12226.5,2886.957,29
Delfina Latchford,11637.0,560.99535,29
Scott Williamson,9105.0,-1057.3062,29
Christina Anderson,10098.0,991.3986,29
Darren Powers,11739.0,-2092.62765,29
Yoseph Carroll,12562.5,497.02245000000005,29
John Huston,12495.0,1516.85805,29
Helen Abelman,12459.0,-254.18342999999996,29
Annie Thurman,11826.0,2663.7576000000004,29
Chris Selesnick,8239.5,1455.9675,29
Bill Donatelli,6691.5,1160.0819999999999,29
Rob Beeghly,8352.0,-194.95170000000024,29
Cyma Kinney,6934.5,-1201.5345000000002,29
Alan Haines,12046.5,256.14786000000004,29
Sally Hughsby,8077.5,323.91825,29
Katherine Murray,10449.0,-709.1082,29
Steve Nguyen,9879.0,2225.37684,29
Evan Henry,13707.0,2056.1439,29
Odella Nelson,7267.5,-313.08089999999993,29
Thea Hendricks,5413.5,628.3734,29
Frank Olsen,11233.5,1908.4828499999999,29
Denny Ordway,14215.5,3761.05215,29
Max Ludwig,13947.0,2308.8888,29
Sonia Sunley,6262.5,1002.3649499999998,29
Brad Thomas,5503.5,996.1836000000001,29
Stewart Visinsky,9154.5,2314.73895,29
Fred Hopkins,9823.5,1295.10945,29
Joel Eaton,11418.0,-47.144250000000014,29
Joni Wasserman,7990.5,881.0193,29
Nora Pelletier,8433.0,437.08695000000006,29
Jay Kimmel,8784.0,2246.76741,28
Erica Bern,3859.5,320.3319,28
Alan Shonely,6472.5,877.0467,28
Maurice Satty,6790.5,832.8141,28
Gary Hwang,10002.0,1269.95415,28
Jennifer Halladay,9786.0,869.9802,28
Sarah Jordon,6094.5,-875.4654,28
Raymond Buch,8991.0,-1166.9842499999997,28
Toby Carlisle,9399.0,-57.949500000000015,28
Eric Hoffmann,4363.5,1169.95905,28
Mitch Webber,10414.5,1377.7732500000002,28
Sanjit Jacobs,6654.0,790.6227,28
Matt Connell,12349.5,-150.90570000000002,28
Cathy Prescott,12927.0,1702.0131000000001,28
Andrew Gjertsen,7261.5,773.13705,28
Doug Jacobs,12397.5,2497.272,28
Charles Sheldon,12474.0,2022.3698999999997,28
Alyssa Tate,4305.0,455.6748,28
Max Engle,7363.5,662.47215,28
Liz Thompson,8728.5,757.81944,28
David Smith,7144.5,1050.8097,28
Erin Ashbrook,5173.5,1266.24885,28
Bobby Elias,8007.0,1948.9062,28
Sean O'Donnell,13735.5,2563.68699,28
Rick Wilson,22545.0,5220.8688,28
Giulietta Weimer,7894.5,1221.3177,28
Susan Pistek,14626.5,4090.1735999999996,28
John Murray,14707.5,1616.0804999999998,28
Jasper Cacioppo,16861.5,459.09270000000004,28
Giulietta Baptist,5319.0,1030.5031199999999,28
Jim Kriz,7737.0,1001.65035,28
Sean Christensen,16087.5,-1531.5735,28
Cindy Chapman,7720.5,2125.4121,28
Larry Tron,8328.0,2650.6764,28
David Kendrick,21106.5,3166.6539,28
Muhammed MacIntyre,8373.0,2122.2981,28
Ed Braxton,8502.0,55.47119999999995,28
Vivek Gonzalez,10516.5,-1324.4261999999997,28
Dan Reichenbach,10582.5,1096.28145,28
Shirley Daniels,10585.5,3313.9599,28
Greg Matthias,8632.5,-2095.3465499999998,28
Ken Brennan,10593.0,1515.35985,28
Joel Jenkins,8626.5,-294.28020000000004,28
Rick Huthwaite,6015.0,394.92975,28
Ben Wallace,5970.0,741.6017999999999,28
Lena Hernandez,10834.5,1916.2191,28
Chris Cortes,5902.5,1299.33795,28
James Lanier,11104.5,982.6891499999999,28
Theresa Coyne,11193.0,438.06660000000005,28
Seth Vernon,8439.0,77.41707000000004,28
Carlos Soltero,11481.0,-1886.9836500000004,28
Joseph Airdo,11628.0,1714.4675999999997,28
Stuart Van,11724.0,241.30155,28
Julia West,6529.5,-547.0201499999998,27
Suzanne McNair,6567.0,1332.7384499999998,27
Michelle Arnett,7446.0,561.6351599999999,27
Lisa Ryan,7356.0,984.2033399999999,27
Muhammed Yedwab,7561.5,720.2451,27
Chuck Magee,7630.5,591.05376,27
Alex Grayson,8752.5,-299.6956199999999,27
Anthony Johnson,4534.5,966.8625,27
Dave Hallsten,9193.5,480.03119999999996,27
Doug Bickford,7836.0,1649.02215,27
Dean Katz,7956.0,1188.5925,27
Skye Norling,8049.0,656.2299,27
Gene McClure,7098.0,906.87387,27
Alan Dominguez,7054.5,1123.69965,27
Darrin Sayre,9321.0,852.7119,27
Julie Creighton,8358.0,1173.08187,27
Victor Preis,6804.0,852.7429500000001,27
Speros Goranitis,6426.0,522.03045,27
Tom Zandusky,7437.0,344.22749999999996,27
David Wiener,9322.5,1152.88995,27
Karen Daniels,14881.5,2835.0429,27
Stefanie Holloman,10078.5,931.668,27
Barry Französisch,10098.0,2004.2118,27
Rick Duston,13525.5,2503.1289,27
Clay Ludtke,11416.5,1374.3513,27
Susan Vittorini,13011.0,1338.19515,27
Caroline Jumper,10237.5,-753.9572999999999,27
Carl Weiss,10290.0,1562.0772,27
Maris LaWare,10453.5,482.69355,27
Raymond Messe,10482.0,690.86061,27
Matt Abelman,5601.0,647.38677,27
Nick Radford,10548.0,953.7193199999999,27
Alejandro Savely,12447.0,760.80015,27
Mary Zewe,5619.0,907.54935,27
Aaron Smayling,10614.0,-185.73465000000004,27
Ann Blume,10738.5,1114.6891500000002,27
Tonja Turnell,12069.0,1057.00989,27
Philisse Overcash,10876.5,1421.8206,27
Michelle Moray,5727.0,1000.3452,27
Paul Van Hugh,11625.0,2520.2919,27
Sung Chung,14818.5,2324.68953,27
Katherine Hughes,4801.5,627.96015,27
John Lee,9972.0,-395.99729999999994,27
Rick Reed,6220.5,532.9435500000001,27
Anthony O'Donnell,9456.0,-267.07155000000006,27
Anthony Jacobs,24982.5,1368.8204999999998,27
Mick Crebagga,6342.0,-721.1481,27
Dave Brooks,24462.0,5216.606040000001,27
Dario Medina,5089.5,-197.60114999999996,27
Muhammed Lee,4551.0,782.5296000000001,27
Julie Kriz,17196.0,3365.03316,27
Elizabeth Moffitt,14982.0,1168.4058,27
Rose O'Brian,11619.0,-1062.6325500000003,27
Jill Fjeld,15735.0,2726.3733,26
Craig Reiter,8092.5,1063.9005,26
Mathew Reese,8415.0,1339.8204,26
Bill Tyler,8412.0,2453.1579,26
Deborah Brumfield,7857.0,1113.02025,26
Troy Blackwell,7311.0,990.2929499999999,26
Brian Derr,7419.0,438.45,26
Maureen Fritzler,5317.5,314.34704999999997,26
Denny Blanton,8338.5,1029.5562,26
Julia Barnett,13476.0,307.2159000000002,26
Jim Sink,5674.5,962.7895500000001,26
Mitch Gastineau,8319.0,1162.3305,26
Tamara Willingham,7588.5,2503.4661,26
Roland Schwarz,12277.5,2370.48177,26
Brian DeCherney,7218.0,580.0770000000001,26
Carol Adams,15721.5,-95.05380000000001,26
Maribeth Dona,13042.5,1145.7102,26
Lena Radford,17085.0,4467.70059,26
Dianna Arnett,5577.0,363.69639,26
Greg Guthrie,4087.5,231.97532999999996,26
David Philippe,16840.5,1800.47568,26
Dean Braden,7680.0,968.0382000000001,26
Anna Häberlin,8137.5,1032.7552500000002,26
Karen Carlisle,7098.0,1408.42845,26
Rob Williams,5176.5,1153.5135,26
Aleksandra Gannaway,8139.0,1557.9743999999998,26
Liz Pelletier,8346.0,-928.97475,26
Jennifer Patt,6322.5,1105.48839,26
Karen Bern,6000.0,625.2306,26
Doug O'Connell,10438.5,2138.00094,26
Rachel Payne,4632.0,19.345049999999976,26
Ken Lonsdale,10144.5,421.78319999999997,26
Trudy Brown,10269.0,1258.65135,26
Brad Eason,8817.0,-923.0317500000001,26
Penelope Sewall,9789.0,1946.9817,26
Larry Blacks,6282.0,315.16808999999995,26
Sean Wendt,9708.0,1589.4393599999999,26
Katrina Bavinger,6136.5,91.57979999999992,26
Bryan Spruell,10534.5,1940.0355,26
Kelly Collister,8688.0,1601.0647499999998,26
Max Jones,11005.5,1973.4678600000004,26
Lisa DeCherney,10150.5,-400.94819999999993,26
Anne McFarland,11122.5,237.65399999999994,26
Frank Preis,11091.0,1460.9457,26
Rob Haberlin,6492.0,1030.1133,26
Karen Ferguson,4678.5,1384.8006,26
Brendan Murry,7873.5,-339.61260000000004,25
Pete Kriz,7254.0,-734.3920500000002,25
Michael Stewart,4354.5,-381.7527000000002,25
Mitch Willingham,14562.0,510.39945,25
Gary McGarr,14343.0,489.41730000000007,25
Sally Matthias,5421.0,-258.34155,25
Dennis Kane,6219.0,-23.076150000000016,25
Jason Fortune-,13735.5,3663.2535000000003,25
George Bell,13774.5,1192.6881,25
Mike Caudle,7846.5,-230.09849999999994,25
Denise Monton,13828.5,3496.2828,25
Dorothy Badders,9021.0,881.06415,25
Liz Preis,8007.0,368.9321999999999,25
Tamara Manning,6640.5,581.98935,25
Randy Ferguson,10033.5,1698.6347999999998,25
Charlotte Melton,3706.5,154.19607000000002,25
Chuck Sachs,7443.0,1081.2661500000002,25
Naresj Patel,6406.5,692.2767,25
Paul MacIntyre,9589.5,34.83107999999992,25
Magdelene Morse,7371.0,1457.75415,25
Mick Brown,22063.5,3655.81518,25
Ken Heidel,2214.0,456.90585000000004,25
Beth Thompson,5011.5,928.5654,25
Tom Stivers,9604.5,432.258,25
Melanie Seite,7594.5,1295.2335,25
Mark Van Huff,6588.0,1175.52585,25
Cari Sayre,16698.0,2392.1616,25
Jamie Frazer,7710.0,1609.88625,25
Cynthia Delaney,6619.5,1476.87,25
Tiffany House,9891.0,-599.4738000000002,25
Meg Tillman,6642.0,880.7313,25
Michelle Ellison,6642.0,995.36628,25
Becky Pak,2850.0,508.30395,25
Vivek Grady,7981.5,-841.4113500000001,25
Clay Cheatham,4047.0,161.83589999999998,25
Ryan Akin,12753.0,1388.3449500000002,25
Bradley Drucker,11905.5,2160.33465,25
Nancy Lomonaco,9301.5,-2144.862,25
Craig Carreira,6943.5,-777.89625,25
Corey-Lock,10573.5,380.3097,25
Janet Martin,10689.0,1877.3883300000002,25
Alan Barnes,7249.5,1573.54725,25
Andrew Roberts,3661.5,715.3294500000001,25
Carol Triggs,7027.5,355.9818,25
Aimee Bixby,10906.5,2260.1601,25
Tracy Hopkins,11977.5,-2332.9986,25
Robert Waldorf,8134.5,1715.6322,25
Dorothy Dickinson,6018.0,1545.06765,25
Ben Peterman,12919.5,2680.7161800000003,25
Evan Minnotte,7189.5,1593.70965,25
Troy Staebel,11124.0,-11.008950000000162,25
Bruce Stewart,11475.0,-144.4562999999999,25
MaryBeth Skach,13287.0,3699.62466,25
Brian Dahlen,6885.0,195.97394999999997,25
Guy Phonely,8898.0,94.2299999999999,25
Keith Herrera,4279.5,883.63995,25
Mike Kennedy,4026.0,142.99215000000004,25
Heather Kirkland,10236.0,1386.56295,25
Ann Chong,4981.5,589.93602,24
Thea Hudgings,5713.5,1540.4739,24
Pierre Wener,5796.0,2135.70435,24
Scot Coram,5014.5,509.9892,24
Adrian Hane,5656.5,834.17115,24
Jack Lebron,4780.5,-547.6190999999999,24
Ruben Dartt,7429.5,1001.89425,24
Christine Sundaresam,4933.5,117.90629999999997,24
Tamara Dahlen,4812.0,107.17890000000001,24
Jay Fein,5280.0,1192.6062000000002,24
Alejandro Grove,4323.0,1223.1495,24
Sheri Gordon,6982.5,2115.1653,24
Kimberly Carter,5194.5,-114.29565000000001,24
Jill Matthias,7335.0,286.47405000000015,24
Fred Wasserman,6831.0,376.26345000000003,24
Alyssa Crouse,4788.0,775.0878,24
Logan Currie,7045.5,689.6178,24
Bill Shonely,4831.5,895.53177,24
Bill Overfelt,7056.0,191.47275000000002,24
Sung Pak,5553.0,420.4308000000001,24
Michelle Tran,5418.0,805.8573,24
Neil Knudson,5542.5,1194.6447,24
Justin Ellison,7243.5,884.0556899999999,24
Ricardo Sperren,5467.5,90.56970000000004,24
Brian Stugart,4728.0,874.31025,24
Anthony Witt,4920.0,1079.7138,24
Rick Hansen,8446.5,1820.2780500000001,24
Frank Hawley,12142.5,4062.8043000000002,24
Chad Sievert,8190.0,170.10285,24
Maria Bertelson,14985.0,3726.3375000000005,24
Duane Noonan,14062.5,-22.583999999999826,24
Tony Sayre,13480.5,1824.10035,24
Kean Nguyen,8268.0,1379.85585,24
Dana Kaydos,8485.5,110.68665000000001,24
Scot Wooten,13030.5,1434.05703,24
Mick Hernandez,3990.0,898.5089399999999,24
Luke Schmidt,8662.5,189.81570000000002,24
Dan Campbell,3369.0,364.28925,24
Bruce Geld,8971.5,-461.5878000000001,24
Darrin Van Huff,11868.0,-69.4521,24
Elpida Rittenbach,15550.5,3472.36845,24
Maria Zettner,11682.0,2016.6876,24
Patricia Hirasaki,9171.0,2269.06995,24
Harold Ryan,11187.0,2274.95319,24
John Castell,9180.0,1460.78331,24
Rob Lucas,9222.0,1447.1456699999999,24
Frank Carlisle,9264.0,2763.45375,24
Beth Fritzler,9280.5,226.21865999999997,24
Alex Russell,10770.0,2154.6147,24
Jeremy Pistek,10327.5,2218.8356400000002,24
Sanjit Chand,10236.0,1567.593,24
Tanja Norvell,3846.0,325.5222,24
Jim Epp,4078.5,146.71214999999998,24
Carol Darley,3763.5,787.59924,24
Irene Maddox,7980.0,-962.0719499999999,24
Mary O'Rourke,7564.5,672.4357500000001,24
Trudy Schmidt,7788.0,135.6045,24
Barry Franz,15556.5,3264.94392,24
Cynthia Arntzen,23064.0,8631.9957,24
Ruben Ausman,8043.0,1758.9093,24
Ellis Ballard,15736.5,2673.67995,24
Ricardo Emerson,15045.0,1221.55602,23
Scott Cohen,3946.5,640.33815,23
Ed Jacobs,7279.5,1496.8929,23
Tom Ashbrook,11980.5,824.6484,23
Laurel Elliston,4182.0,7.836449999999957,23
Guy Thornton,4750.5,564.7767,23
Phillina Ober,5680.5,-1356.4523999999997,23
Michelle Lonsdale,5797.5,1225.1238,23
Justin Ritter,12267.0,537.951,23
Arthur Gainer,6714.0,590.4439500000001,23
Tom Prescott,7107.0,1036.20633,23
Roger Barcio,4240.5,-174.12374999999994,23
Claudia Bergmann,9148.5,-29.636700000000044,23
Pamela Coakley,7305.0,-944.8251,23
Ryan Crowe,3939.0,912.5334000000001,23
Christine Kargatis,9162.0,1592.78178,23
Bobby Odegard,5598.0,656.16624,23
Christopher Martinez,7780.5,-910.9779,23
Mike Gockenbach,20277.0,5864.9490000000005,23
Paul Prost,10957.5,2977.3594500000004,23
Marina Lichtenstein,5950.5,1097.6154,23
Cassandra Brandow,10809.0,-2399.2276500000003,23
Lindsay Shagiari,4956.0,860.403,23
Natalie DeCherney,6121.5,1000.3107000000001,23
Arthur Wiediger,9723.0,2072.19294,23
Jamie Kunitz,9724.5,2580.05445,23
Cynthia Voltz,5599.5,983.22,23
Jenna Caffey,12270.0,1856.7771,23
Lycoris Saunders,3972.0,596.40546,23
Linda Cazamias,8325.0,1032.3336,23
Frank Atkinson,8092.5,380.8051499999999,23
Jas O'Carroll,4816.5,1068.17745,23
Joy Daniels,5350.5,1043.0801999999999,23
Pete Takahito,8131.5,-464.0233799999997,23
Benjamin Patterson,8188.5,-466.6704,23
Peter McVee,4176.0,125.65260000000004,23
Yana Sorensen,14874.0,2014.6143,23
Neola Schneider,7018.5,-354.2247,23
Kunst Miller,14371.5,1723.872,23
Jeremy Lonsdale,6996.0,1372.4226,23
Pete Armstrong,8295.0,1884.5955000000001,23
Russell Applegate,8025.0,550.4016,23
Cyra Reiten,4557.0,1107.04785,23
Georgia Rosenberg,5488.5,380.1894,23
Herbert Flentye,5566.5,-295.40295000000003,23
Brendan Sweed,6855.0,1446.0199499999999,23
Tim Brockman,7822.5,2039.6329500000002,23
Robert Barroso,7953.0,1824.47055,23
Eleni McCrary,13116.0,424.6499999999999,23
Phillip Breyer,9816.0,-183.82124999999996,23
Evan Bailliet,5086.5,279.1764,22
Chad McGuire,13939.5,1694.3160000000003,22
Debra Catini,11410.5,570.663,22
Michael Dominguez,17170.5,1969.7691,22
Bart Folk,10197.0,1187.4747,22
Anna Gayman,5242.5,801.5618999999999,22
Laurel Workman,3231.0,540.86985,22
Deanra Eno,4924.5,573.5278500000001,22
Shirley Jackson,5271.0,508.6797,22
Valerie Dominguez,10590.0,1575.9624,22
Nat Carroll,10686.0,-2138.24118,22
Robert Marley,11307.0,3031.26285,22
Frank Gastineau,4660.5,54.34350000000003,22
Paul Lucas,11277.0,857.5965,22
Sandra Glassco,5481.0,1485.7464,22
Ken Black,12432.0,933.89805,22
Dionis Lloyd,13147.5,3239.8218,22
Dave Poirier,11169.0,1860.2661,22
Grant Thornton,18198.0,-6198.6599400000005,22
Charles McCrossin,18072.0,1263.32538,22
Barbara Fisher,4206.0,202.40115,22
Carl Jackson,6912.0,772.4301,22
Charles Crestani,8275.5,1393.6632,22
Marc Harrigan,9283.5,1967.25345,22
Anthony Garverick,7782.0,1683.2034,22
Fred McMath,6745.5,1364.93955,22
Ivan Liston,6481.5,475.30044,22
Julia Dunbar,9075.0,-703.2537,22
Craig Leslie,7236.0,697.43175,22
Luke Foster,4327.5,499.53735,22
Liz Carlisle,8875.5,478.2061500000001,22
Lindsay Williams,8194.5,1610.253,22
George Ashbrook,9636.0,2294.04015,22
Helen Andreada,4186.5,693.91395,22
Nona Balk,7092.0,184.78545000000008,22
Fred Harton,7720.5,2080.23123,22
Alex Avila,8091.0,686.6084999999999,22
Sung Shariari,4891.5,257.44869000000006,22
Maya Herman,6693.0,876.1365,21
Chad Cunningham,7536.0,2036.4057,21
Gene Hale,5611.5,932.9531999999999,21
Christina DeMoss,12138.0,2028.1732200000004,21
Roland Fjeld,6735.0,-811.4334,21
Bryan Davis,5194.5,1045.89165,21
Jason Gross,9003.0,927.15135,21
Katrina Willman,12193.5,1391.7216,21
Cathy Armstrong,8931.0,1269.72165,21
Joni Blumstein,4572.0,916.85115,21
Zuschuss Donatelli,8686.5,315.9249,21
Eugene Barchas,12483.0,3876.162,21
Jessica Myrick,3435.0,460.3752,21
Victoria Brennan,6816.0,41.78864999999994,21
Thomas Thornton,8571.0,790.5754499999999,21
Tom Boeckenhauer,7270.5,-206.86905000000007,21
Tracy Zic,8005.5,1186.7152499999997,21
Chris McAfee,8437.5,1552.3209599999998,21
Kelly Lampkin,5448.0,317.5923,21
Angele Hood,7003.5,805.2203999999999,21
Daniel Lacy,7044.0,706.4139,21
Candace McMahon,9048.0,-1798.1526,21
Shaun Chance,3601.5,787.26555,21
Michael Nguyen,4891.5,-172.80465,21
John Lucas,5929.5,423.2309999999999,21
Fred Chung,6186.0,959.04375,21
Eileen Kiefer,4611.0,-367.089,21
Roy Skaria,6138.0,557.43042,21
Natalie Webber,6298.5,588.4147499999999,21
Berenike Kampe,9528.0,1425.65925,21
Carlos Meador,10552.5,1605.9504,21
Carlos Daly,6043.5,1768.7033999999999,21
Christine Abelman,6030.0,990.33204,21
Vivian Mathis,2499.0,294.38085,21
Nick Zandusky,9319.5,738.5660999999999,21
Nicole Fjeld,7738.5,990.4473,21
Ralph Kennedy,5989.5,-766.9559700000001,21
Maribeth Yedwab,9151.5,2143.3586999999998,21
Shirley Schmidt,8098.5,-26.53199999999996,21
Cathy Hwang,7299.0,701.46405,21
Jim Radford,16533.0,-1488.78,21
Bradley Nguyen,4410.0,998.35416,21
Dianna Vittorini,4533.0,1275.0354,21
Matt Collister,5803.5,585.5922,21
Linda Southworth,5851.5,-87.71961000000009,21
Ralph Arnett,11298.0,2726.53545,21
Erica Hackney,6601.5,756.52605,21
Erin Creighton,4867.5,643.6510499999999,20
Nora Paige,4252.5,981.41235,20
Arianne Irving,4197.0,1007.50335,20
Corinna Mitchell,7125.0,352.25160000000017,20
Guy Armstrong,2772.0,272.7327,20
Benjamin Venier,8052.0,1259.0191499999999,20
Amy Hunt,5197.5,-553.7916,20
Stephanie Ulpright,2677.5,-428.3601,20
Matthew Grinstein,5127.0,634.5642,20
John Stevenson,7318.5,422.4234,20
Toby Braunhardt,5116.5,993.8068499999999,20
Adrian Shami,5322.0,-68.8276499999999,20
Annie Zypern,3558.0,267.38730000000004,20
Robert Dilbeck,14992.5,5050.7199,20
Liz MacKendrick,4459.5,131.60385,20
Anne Pryor,10098.0,1897.8573,20
Allen Rosenblatt,6315.0,-398.28794999999997,20
Jennifer Jackson,10297.5,909.6744000000001,20
Nicole Hansen,6010.5,1697.4060000000002,20
Jack O'Briant,6439.5,1584.9798,20
Janet Lee,10876.5,3410.6955,20
Sandra Flanagan,4713.0,1329.51105,20
Roy Collins,4548.0,434.87295000000006,20
John Dryer,8229.0,-512.75031,20
Lindsay Castell,9280.5,1069.4647499999999,20
Tim Taslimi,3613.5,423.2058,20
Eva Jacobs,6708.0,542.1957,20
Harold Pawlan,5647.5,844.5233999999999,20
Pauline Johnson,5563.5,900.24939,20
Susan Gilcrest,8482.5,585.04695,20
Anna Chung,4306.5,-790.4676000000001,20
Duane Benoit,8259.0,-102.61004999999989,20
Grace Kelly,9046.5,2408.77275,20
Thomas Brumley,4485.0,687.48768,19
Luke Weiss,4716.0,-387.03809999999993,19
Allen Armold,3895.5,1008.0656999999999,19
Lynn Smith,4788.0,943.3716000000001,19
Craig Molinari,3267.0,435.978,19
Jill Stevenson,3871.5,-517.8999,19
Sean Miller,40897.5,-1870.056,19
Edward Becker,6303.0,1052.10555,19
Sally Knutson,6688.5,1250.7775499999998,19
Eudokia Martin,6252.0,267.2175,19
Andy Gerbode,7627.5,76.87620000000011,19
Richard Eichhorn,9943.5,1988.14695,19
Christopher Schild,6597.0,1892.20155,19
Patrick Bzostek,6636.0,857.8416,19
Don Miller,9289.5,-2208.1299,19
Kristina Nunn,9151.5,1955.57655,19
Susan MacKendrick,6696.0,1407.7485,19
Ken Dana,11814.0,2393.9781000000003,19
Anemone Ratner,8844.0,1428.35775,19
Christina VanderZanden,7078.5,978.62877,19
Russell D'Ascenzo,8406.0,373.73145,19
George Zrebassa,7272.0,1605.0123,19
Jeremy Ellison,8287.5,1758.363,19
Stephanie Phelps,8026.5,2499.2976,19
Shaun Weien,7801.5,1050.1551000000002,19
Craig Carroll,6229.5,-475.80449999999985,19
Bobby Trafton,7489.5,257.74545,19
Matt Hagelstein,6150.0,-215.03085000000007,19
Ritsa Hightower,13051.5,2763.2241,19
Nick Crebassa,5532.0,831.17985,19
Nat Gilpin,5626.5,1096.48095,19
Sharelle Roach,12468.0,-3523.2830400000003,19
Henia Zydlo,5671.5,916.4574,19
Amy Cox,13398.0,3499.9953,19
Victoria Pisteka,12861.0,3971.5578,19
Don Weiss,9541.5,1520.0538,18
Andrew Allen,16401.0,1328.42805,18
Quincy Jones,21775.5,4719.34755,18
Neil Französisch,2458.5,535.5391500000001,18
Hunter Lopez,21753.0,7767.3732,18
Patrick Jones,17856.0,6642.72675,18
Edward Nazzal,4039.5,194.05259999999998,18
Claire Gute,3463.5,451.74105000000003,18
Ralph Ritter,8596.5,1321.45575,18
Brooke Gillingham,3294.0,111.15539999999999,18
Hallie Redmond,10567.5,752.6304,18
Bill Stewart,9118.5,268.98195,18
Pauline Chand,3414.0,789.4488,18
Ann Steele,3852.0,1235.4423,18
Erin Mull,3286.5,341.80451999999997,18
Brian Thompson,5047.5,-692.38725,18
Neil Ducich,8079.0,2204.385,18
Jennifer Ferguson,6060.0,1820.3693999999998,18
Larry Hughes,5509.5,-396.34395,18
Roland Murray,6586.5,1453.87374,18
Toby Ritter,6642.0,1255.4325000000001,18
Jack Garza,5962.5,-166.86149999999998,18
Sibella Parks,5922.0,902.1447000000001,18
Karen Seio,4755.0,1102.1112,18
Stuart Calhoun,7177.5,1293.5082,18
Michelle Huthwaite,5442.0,-4.308899999999994,18
Astrea Jones,5350.5,1084.15785,18
Jesus Ocampo,2899.5,289.41285000000005,17
Brendan Dodson,9664.5,1982.15865,17
Kean Thornton,5857.5,-275.6160000000001,17
Barry Pond,3507.0,286.2864,17
Emily Grady,7311.0,1067.8267799999999,17
Ionia McGrath,1983.0,472.14959999999996,17
Thais Sissman,1734.0,404.98470000000003,17
Catherine Glotzbach,3721.5,331.2315,17
Jocasta Rupert,9819.0,-407.22372000000007,17
Eric Barreto,7588.5,1634.7519000000002,17
Lena Cacioppo,6969.0,315.0945,17
Nicole Brennan,6913.5,-167.27160000000003,17
David Bremer,7278.0,-2083.89507,17
Katherine Ducich,8154.0,1639.8726,17
Christy Brittain,7278.0,1329.8816400000003,17
Sarah Bern,5350.5,-498.1019999999999,16
Kalyca Meade,4303.5,719.97705,16
Clay Rozendal,8470.5,1202.2987500000002,16
Sylvia Foulston,6976.5,1532.05005,16
Greg Maxwell,1573.5,155.05275,16
Cari Schnelling,4639.5,1185.82875,16
Barry Weirich,3933.0,-269.30909999999994,16
Cindy Stewart,11718.0,-8963.25345,16
Joni Sundaresam,3550.5,-380.45340000000004,16
Lisa Hazard,5983.5,663.3049500000001,15
Todd Boyes,2617.5,375.32354999999995,15
Duane Huffman,4468.5,816.6430500000001,15
Emily Burns,4581.0,112.20974999999997,15
David Flashing,6681.0,215.25134999999995,15
Gary Mitchum,5080.5,1030.9737,14
Paul Knutson,1984.5,305.0589,14
Andy Yotov,2347.5,590.56656,14
Peter Bühler,6600.0,1598.1342,14
Liz Willingham,3898.5,-564.82425,14
Dorris liebe,5959.5,1099.4552999999999,14
Sean Braxton,15279.0,-731.9135999999999,13
Vivek Sundaresam,6529.5,675.12945,13
Andy Reiter,9478.5,3991.8071999999997,13
Nathan Cano,3162.0,741.43725,12
Darren Budd,12880.5,879.0322499999999,12
Allen Goldenen,3355.5,135.5769,11
Michael Oakman,5580.0,-82.938,11
